Species List,1968,1969,1970,1971,1972,1973,1974,1975,1976,1977,1978,1979,1980,1981,1982,1983,1984,1985,1986,1987,1988,1989,1990,1991,1992,1993,1994,1995,1996,1997,1998,1999,2000,2001,2002,2003,2004,2005,2006,2007,2008,2009,2010,2011,2012,2013,2014,2015,2016,2017,2018,2019,2020,2021,2022
Route Count,15,13,17,12,9,36,52,50,42,34,34,35,35,38,36,32,36,36,33,31,36,41,44,50,42,55,60,68,60,60,63,69,72,75,81,74,78,75,72,73,72,67,76,64,66,56,68,81,79,77,70,71,0,47,58
Cackling Goose,0,0,0,0,0,0,0,0,0,0,0,0,0,0,0,0,0,0,0,0,0,0,0,0,0,0,0,0,0,0,0,0,0,0,0,0,0,0,0,0,0,0,0,0,1,0,0,0,0,0,0,0,-,0,0
Canada Goose,12,0,0,2,17,31,58,53,71,88,108,334,48,66,55,83,197,224,166,96,221,108,208,143,169,179,367,186,384,272,474,414,342,245,644,371,264,371,348,508,335,303,276,309,384,423,385,549,373,416,470,403,-,175,315
Mute Swan,0,0,0,0,0,0,0,0,0,0,0,0,0,0,0,0,0,0,0,0,0,0,0,0,0,0,0,0,1,0,0,0,0,1,0,0,0,0,0,9,0,2,1,0,0,4,0,0,0,0,1,0,-,0,0
Trumpeter Swan,0,0,1,0,0,0,0,0,1,0,0,1,0,0,0,0,0,0,0,0,0,0,0,0,0,0,0,0,0,0,0,0,0,0,0,0,0,0,0,0,2,0,1,0,0,0,0,1,11,6,8,1,-,20,4
Tundra Swan,0,0,0,0,0,0,0,0,0,0,0,0,0,0,0,0,0,0,0,0,0,0,0,0,1,0,0,0,0,0,0,0,0,0,0,0,0,0,0,0,0,0,0,0,0,0,0,0,0,0,0,0,-,0,0
Wood Duck,1,0,0,0,7,6,0,5,14,3,0,19,3,2,4,6,32,2,12,12,24,0,4,24,6,1,4,14,4,11,7,10,6,5,8,3,5,0,4,7,9,1,2,3,0,2,0,0,0,1,2,3,-,0,5
Blue-winged Teal,14,0,4,4,6,10,6,6,7,17,12,8,40,33,23,35,8,29,31,33,36,38,17,19,14,31,4,10,4,4,35,13,31,4,36,2,6,2,3,0,10,27,2,0,9,3,2,7,6,2,2,1,-,3,12
Cinnamon Teal,1,0,0,0,0,13,1,0,10,2,7,4,5,2,9,2,4,17,19,23,30,7,5,14,13,10,4,4,3,4,2,19,10,3,8,9,1,0,2,7,6,9,0,3,1,0,7,2,0,3,3,4,-,0,0
Northern Shoveler,0,0,0,0,0,4,8,2,0,2,1,2,1,1,2,2,6,4,1,11,13,3,0,6,2,2,13,10,18,2,6,16,8,2,4,1,0,3,2,1,6,0,1,5,2,5,4,1,0,7,2,9,-,9,1
Gadwall,0,0,0,0,0,12,6,0,0,0,0,0,2,0,0,0,0,2,2,2,21,4,0,0,2,1,3,22,6,16,6,28,2,6,3,2,1,17,33,5,48,2,20,55,1,1,7,8,5,10,2,8,-,1,20
American Wigeon,0,0,78,2,0,4,1,0,1,0,13,8,4,4,18,14,27,6,17,33,15,4,7,4,13,16,6,18,11,51,36,16,26,8,15,21,32,10,20,14,31,38,28,9,20,8,57,9,9,36,8,12,-,5,2
Mallard,51,3,24,24,30,140,159,108,138,107,121,192,127,133,165,142,238,110,122,99,132,113,134,189,164,161,138,348,235,195,243,204,249,182,145,219,132,164,109,109,187,129,155,127,272,83,89,241,146,68,53,162,-,37,113
Northern Pintail,20,0,6,0,1,6,6,10,0,0,2,1,4,1,0,1,2,7,0,0,0,0,1,0,0,3,0,1,5,2,4,2,0,0,0,13,1,1,0,0,0,0,0,1,10,0,1,0,2,0,2,0,-,0,0
Green-winged Teal,1,3,2,0,0,0,3,7,0,1,7,10,5,4,1,0,3,11,4,16,9,8,2,2,12,11,10,46,14,22,16,9,4,2,7,6,3,4,11,4,16,9,10,15,2,10,6,7,15,6,4,8,-,8,0
Canvasback,0,0,0,0,0,5,0,0,0,1,2,1,1,0,0,0,2,0,0,0,0,0,0,0,1,0,0,0,0,2,0,0,0,0,0,0,0,0,0,0,0,0,0,0,0,0,0,0,0,0,0,0,-,0,0
Redhead,10,0,0,0,0,1,0,0,2,4,4,24,6,8,24,16,19,15,15,20,10,17,13,10,0,19,8,37,3,7,6,14,20,0,0,1,2,2,6,1,3,6,6,6,0,1,0,0,3,7,0,0,-,0,5
Ring-necked Duck,0,0,5,1,1,15,5,4,17,7,16,8,13,11,10,14,10,17,9,19,6,20,16,21,20,43,68,19,28,16,20,41,18,31,37,40,32,13,27,6,11,38,19,29,58,22,19,27,35,34,12,16,-,6,17
Greater Scaup,0,0,0,0,0,0,0,0,1,0,0,0,0,7,0,0,0,0,0,0,0,0,0,0,2,0,0,0,0,0,0,0,0,0,0,0,0,6,0,1,0,0,0,0,0,0,0,0,0,0,0,0,-,0,0
Lesser Scaup,0,0,15,0,5,0,7,6,8,2,5,8,1,14,15,17,39,7,7,27,8,32,25,15,7,23,49,36,83,119,84,36,67,46,18,49,23,20,28,115,22,7,49,26,32,28,20,85,31,27,12,65,-,7,39
unid. Greater Scaup / Lesser Scaup,0,0,0,0,0,0,0,0,0,0,0,0,0,0,0,0,0,0,0,0,0,0,0,0,0,0,0,0,0,0,0,0,0,0,0,0,0,0,18,0,0,0,0,0,0,8,5,0,6,0,0,2,-,0,0
Harlequin Duck,1,0,0,0,0,2,13,0,0,3,2,2,52,22,0,0,2,1,0,0,2,0,0,13,5,7,0,4,0,0,1,2,2,1,0,0,1,5,0,0,0,8,0,0,0,0,0,0,0,0,6,0,-,0,2
Surf Scoter,0,0,0,0,0,0,0,6,0,20,0,0,0,0,0,0,0,0,0,0,0,0,0,0,0,0,0,0,0,0,0,0,0,0,0,0,0,0,0,0,1,0,0,0,0,0,0,0,0,9,0,0,-,0,1
White-winged Scoter,0,0,0,2,0,0,1,0,0,0,0,0,0,0,1,0,0,0,1,2,0,1,2,0,0,0,0,0,0,3,0,0,0,0,7,0,5,15,17,0,15,4,0,20,10,0,3,0,0,0,0,0,-,0,0
Bufflehead,53,0,10,0,0,3,3,3,3,18,6,0,0,2,0,0,0,2,2,5,2,5,1,2,6,13,4,2,2,2,3,15,19,14,8,7,18,9,6,6,14,15,7,8,9,8,22,14,8,8,11,17,-,3,3
Common Goldeneye,7,0,10,0,0,3,27,21,15,19,12,17,4,15,6,1,10,16,4,5,5,3,3,4,4,7,6,4,7,4,7,13,9,8,3,7,14,16,11,9,19,9,5,10,8,1,0,9,4,1,2,2,-,1,8
Barrow's Goldeneye,12,0,8,1,0,2,26,6,17,11,16,14,6,10,11,14,13,16,14,25,22,41,29,26,41,24,14,31,28,40,10,22,81,34,26,31,25,9,16,15,23,14,22,30,24,2,21,17,18,11,8,6,-,5,6
unid. Common Goldeneye / Barrow's Goldeneye,0,0,0,0,0,0,0,0,0,0,0,0,0,0,0,0,0,0,0,0,0,0,0,0,0,5,1,0,2,0,0,0,0,1,0,3,0,5,0,7,0,1,0,4,0,2,0,1,2,0,0,1,-,0,0
Hooded Merganser,0,0,0,0,0,1,0,6,0,2,5,1,1,2,3,6,2,5,2,0,3,4,2,3,7,8,5,4,8,8,8,2,6,1,14,9,11,6,4,2,4,4,4,2,5,3,2,9,9,9,5,3,-,2,2
Common Merganser,5,11,5,2,7,22,37,31,34,22,25,27,22,17,24,30,19,31,28,64,61,50,42,44,41,53,55,49,41,39,24,40,49,33,42,35,27,50,40,57,48,25,57,22,17,24,31,28,27,32,7,6,-,4,8
Red-breasted Merganser,0,0,0,0,0,2,0,0,0,0,0,0,0,0,4,0,1,0,0,0,0,0,0,0,0,0,0,0,8,0,0,1,0,0,0,0,0,0,0,0,0,0,0,0,0,0,0,0,0,0,0,0,-,0,0
Ruddy Duck,5,0,3,0,0,10,10,0,5,10,21,44,11,23,24,36,43,47,39,44,32,48,33,15,13,21,29,16,15,28,18,16,14,24,29,14,16,17,32,6,12,6,16,32,23,6,5,12,19,24,11,17,-,2,8
Northern Bobwhite,0,0,0,0,0,0,0,0,0,0,0,0,0,0,0,0,1,0,0,0,0,0,0,0,0,0,0,0,0,0,0,0,0,0,0,0,0,0,0,0,0,0,0,0,0,0,0,0,0,0,0,0,-,0,0
California Quail,0,0,0,0,1,46,63,17,14,18,8,28,29,23,11,6,8,13,22,20,26,28,57,43,38,62,63,63,94,54,82,52,81,108,79,80,109,100,121,91,115,70,115,101,60,40,113,42,58,55,36,47,-,51,51
Wild Turkey,0,0,0,0,0,0,0,0,0,0,0,0,0,0,0,0,0,0,0,0,0,0,0,0,0,0,0,3,1,0,0,0,0,0,1,0,3,0,1,0,1,0,0,1,0,0,9,3,3,1,2,7,-,2,8
Ruffed Grouse,12,10,12,10,5,22,29,28,33,17,11,24,13,27,20,4,12,18,3,6,5,5,8,22,10,11,17,12,80,56,58,47,29,66,105,62,40,56,54,88,99,73,72,72,48,35,105,75,53,117,65,63,-,62,26
Spruce Grouse,0,0,0,0,0,0,1,0,1,0,0,0,0,0,0,0,0,0,0,0,0,0,0,0,0,1,0,0,0,0,0,0,0,0,0,4,0,2,0,0,1,0,0,0,0,0,0,0,0,0,0,4,-,0,0
Willow Ptarmigan,0,0,0,0,0,0,0,4,0,0,0,0,0,0,0,0,0,0,0,0,0,0,0,0,0,2,11,0,7,0,0,0,0,0,0,0,0,0,0,0,0,0,5,9,17,11,4,0,3,0,1,4,-,2,1
Rock Ptarmigan,0,0,0,0,0,0,0,0,0,0,0,0,0,0,0,0,0,0,0,0,0,0,0,0,0,0,0,0,1,0,0,0,0,0,0,0,0,0,0,0,0,0,0,0,0,0,0,0,0,0,0,0,-,0,0
Dusky Grouse,0,0,0,5,0,0,0,0,1,1,1,0,5,0,1,2,4,0,4,1,0,2,2,1,5,0,0,4,0,0,1,0,0,4,2,3,1,0,2,0,0,0,0,0,2,1,0,1,1,1,0,1,-,0,0
Sooty Grouse,25,16,68,19,25,36,59,63,27,29,46,27,27,67,38,23,19,30,14,16,40,21,28,50,25,37,56,50,38,20,46,10,22,31,28,29,30,33,40,54,51,40,20,42,33,33,49,35,55,83,46,65,-,20,34
unid. Dusky Grouse / Sooty Grouse,0,0,2,0,2,6,1,2,2,7,0,6,2,2,4,0,0,0,0,0,0,0,0,0,1,0,2,2,4,0,0,0,0,0,1,2,0,2,2,1,1,0,0,0,0,0,0,0,0,1,0,0,-,0,0
Sharp-tailed Grouse,0,0,0,0,0,0,1,0,0,0,0,0,0,0,0,0,1,0,0,0,0,0,0,0,0,0,0,0,0,0,2,0,0,0,0,0,1,0,0,0,1,0,0,0,2,0,1,5,0,0,0,1,-,0,0
Gray Partridge,0,0,0,0,0,0,0,0,0,0,0,1,0,2,0,0,0,0,0,0,0,0,0,0,0,0,0,0,0,0,0,0,0,0,0,0,0,0,0,0,0,1,0,0,0,0,0,0,0,0,2,0,-,0,0
Ring-necked Pheasant,20,9,38,11,13,87,104,122,107,95,116,87,68,88,63,57,106,73,55,44,69,57,66,49,96,71,45,73,36,21,39,64,70,65,65,50,56,27,63,60,54,48,64,34,15,7,51,17,22,12,13,16,-,17,15
Chukar,0,0,0,0,0,0,3,0,2,0,0,0,4,2,0,3,0,0,1,4,2,4,2,3,1,0,0,0,0,0,0,3,2,0,0,1,0,0,0,0,8,3,3,0,0,0,7,0,0,1,0,0,-,0,0
Pied-billed Grebe,5,0,4,0,3,2,1,2,5,4,35,19,26,15,29,15,13,14,15,3,2,4,6,1,5,9,2,12,11,8,10,8,5,3,4,8,11,2,18,11,8,7,7,3,2,2,4,15,11,18,3,4,-,0,3
Horned Grebe,0,2,6,2,0,2,0,0,0,1,0,0,0,2,2,3,2,1,2,0,4,0,0,3,0,1,0,35,2,0,4,0,0,0,0,2,0,1,0,1,2,0,1,0,0,0,0,1,0,0,1,0,-,0,0
Red-necked Grebe,1,4,1,0,0,12,19,4,14,20,16,14,11,19,22,12,19,24,13,26,25,12,29,34,19,19,15,13,20,16,12,17,27,26,19,27,27,42,25,22,20,13,18,7,6,5,10,9,5,13,3,1,-,5,5
Eared Grebe,0,0,0,0,0,0,0,0,8,0,8,6,4,4,10,1,7,11,5,11,70,4,31,0,0,24,111,10,11,100,103,24,200,250,236,0,1,204,21,1,27,0,26,40,0,0,1,177,101,22,61,58,-,0,172
Western Grebe,0,0,0,0,0,0,0,0,0,0,0,0,0,0,0,0,0,0,28,1,0,1,0,33,0,1,0,2,4,12,2,2,1,1,3,2,3,1,1,2,0,0,1,0,0,0,1,0,0,0,0,0,-,0,0
unid. Western Grebe / Clark's Grebe,30,0,2,1,0,9,15,83,5,0,0,0,1,0,2,1,6,21,0,0,0,0,0,0,0,0,0,0,0,0,0,0,0,0,0,0,0,0,0,0,0,0,0,0,1,0,0,0,2,0,0,0,-,0,0
Rock Pigeon,122,6,106,9,28,110,253,171,163,117,127,178,103,139,183,61,194,126,107,164,243,119,164,195,235,193,189,340,309,165,158,133,232,144,119,156,182,90,152,273,261,198,240,81,113,62,178,82,66,171,66,108,-,26,25
Band-tailed Pigeon,80,18,46,62,64,112,245,61,57,46,76,41,93,115,49,66,84,18,28,67,43,93,25,72,45,105,67,31,37,16,61,49,21,29,18,33,90,36,42,56,147,36,37,84,43,62,50,94,75,41,80,72,-,63,79
Eurasian Collared-Dove,0,0,0,0,0,0,0,0,0,0,0,0,0,0,0,0,0,0,0,0,0,0,0,0,0,0,0,0,0,0,0,0,0,0,0,0,0,0,0,0,2,5,11,15,27,35,85,67,95,136,150,132,-,69,78
Mourning Dove,12,5,27,30,31,91,105,99,94,73,59,79,68,83,52,35,49,32,32,82,43,72,73,66,78,68,68,86,54,68,61,88,73,80,63,63,90,85,91,98,126,69,99,93,36,27,71,49,76,31,12,32,-,24,28
Common Nighthawk,15,16,9,16,5,49,55,48,37,37,43,35,47,41,49,20,43,21,32,29,28,28,35,37,58,48,51,78,46,61,86,40,37,31,30,50,50,41,26,25,53,34,48,32,26,28,20,43,37,26,20,17,-,8,14
Common Poorwill,0,0,0,0,0,1,0,0,0,0,0,0,1,1,0,0,0,0,0,0,0,0,0,0,0,0,0,1,0,0,0,0,0,0,0,2,0,0,0,0,0,0,0,0,0,1,1,0,1,2,0,0,-,0,0
Black Swift,7,1,0,33,87,213,278,199,341,37,16,101,16,22,92,17,43,24,24,51,47,50,60,100,80,75,21,53,42,53,34,83,50,39,10,18,13,55,14,33,41,18,15,49,11,17,10,25,61,12,50,1,-,49,11
Vaux's Swift,6,8,9,8,9,58,30,36,67,6,6,10,28,22,13,2,44,14,20,13,12,17,25,55,23,29,24,44,25,22,26,38,15,14,24,40,53,32,13,19,28,20,19,18,21,29,12,16,20,33,34,39,-,5,17
White-throated Swift,0,0,0,0,0,0,0,0,0,0,0,0,0,0,0,0,0,1,11,3,0,2,3,4,2,5,0,17,10,8,8,13,2,5,10,14,9,8,11,9,3,16,12,4,2,3,24,10,9,7,3,6,-,4,3
Black-chinned Hummingbird,0,0,0,0,0,2,2,2,0,3,0,1,2,2,0,0,1,0,0,0,0,0,1,0,0,0,0,0,0,0,0,3,0,3,1,1,0,1,2,1,1,2,0,3,0,2,2,14,0,1,0,0,-,0,1
Anna's Hummingbird,0,0,0,0,0,0,0,0,0,0,0,0,0,0,0,0,1,1,0,0,0,0,0,1,0,0,0,0,0,0,0,0,0,0,0,0,0,0,0,0,0,0,2,1,0,1,5,6,10,14,31,23,-,13,39
Calliope Hummingbird,13,2,5,4,3,12,6,9,11,6,13,12,13,12,8,8,14,23,12,12,15,5,12,12,10,22,28,17,11,17,19,22,15,20,16,22,32,29,20,34,13,23,34,11,18,16,15,27,9,8,6,11,-,6,10
Rufous Hummingbird,28,22,32,11,29,100,187,123,86,83,81,66,57,72,111,99,112,115,83,73,105,86,77,103,86,129,151,150,103,126,119,108,114,104,97,121,160,147,104,118,137,108,133,120,106,122,127,149,109,128,62,107,-,47,94
unid. Rufous Hummingbird / Allen's Hummingbird,0,0,0,0,0,0,0,0,0,0,0,0,0,0,0,0,0,0,0,0,0,0,0,0,0,0,0,0,0,0,0,0,0,0,0,0,0,0,0,0,0,0,0,0,0,0,0,0,0,0,0,0,-,2,0
unid. hummingbird,0,0,0,0,0,0,0,0,0,0,0,0,4,4,0,3,0,9,7,5,0,0,0,10,0,5,0,0,1,0,0,3,0,5,5,6,2,5,2,6,3,4,12,0,9,0,2,3,0,3,4,11,-,1,11
Virginia Rail,1,0,0,0,0,0,0,0,1,0,3,1,1,1,0,0,0,0,0,0,1,0,2,2,0,0,4,2,0,2,0,3,3,0,1,1,0,2,0,0,2,0,2,1,1,0,2,1,0,0,0,6,-,2,2
Sora,2,0,1,0,0,5,2,4,12,15,9,11,17,13,28,13,19,13,6,13,6,7,36,20,21,21,21,20,26,26,34,21,17,16,38,16,16,24,16,14,13,14,41,15,13,11,18,33,19,38,20,25,-,2,18
American Coot,0,0,2,0,0,24,41,28,29,23,53,72,64,89,117,119,106,100,303,166,184,153,86,40,39,102,108,89,59,80,74,225,93,68,51,19,21,30,49,32,150,21,30,53,6,9,15,52,66,75,24,47,-,3,101
Sandhill Crane,0,0,0,0,0,0,0,0,5,1,0,0,2,2,10,0,2,1,3,1,4,2,3,4,0,10,4,26,20,34,30,9,15,13,25,28,16,44,22,16,20,32,43,36,16,20,16,21,33,46,31,35,-,29,35
American Avocet,0,0,0,0,0,0,0,0,0,0,0,0,0,0,0,0,0,0,0,0,0,0,0,0,0,0,0,0,0,0,0,0,0,0,0,0,0,0,0,0,2,0,0,0,0,0,0,0,0,0,0,0,-,0,0
Black Oystercatcher,0,0,0,0,0,4,4,5,4,2,6,0,4,5,4,0,0,5,3,2,10,1,3,12,5,2,10,0,7,1,1,0,3,0,0,0,1,0,2,3,5,2,0,0,0,1,0,0,0,3,5,19,-,2,10
Killdeer,49,15,69,25,35,107,130,166,167,131,137,86,107,152,151,143,141,120,123,119,122,87,103,78,81,116,86,162,107,102,167,158,138,160,141,146,119,93,100,107,90,80,63,49,48,36,47,42,37,31,50,47,-,24,40
Semipalmated Plover,0,0,0,0,0,0,0,5,4,0,0,0,0,0,0,0,0,0,0,0,0,0,0,2,0,3,0,0,0,0,0,0,0,0,0,0,0,0,0,1,0,0,1,0,0,1,0,0,0,5,2,5,-,5,4
Upland Sandpiper,0,0,0,0,0,0,0,0,0,0,0,0,0,0,0,0,0,0,0,0,0,2,0,0,0,0,0,1,0,0,0,0,0,0,0,0,0,0,0,0,0,0,0,0,0,0,0,0,0,0,0,0,-,0,0
Long-billed Curlew,0,0,1,0,0,9,6,16,2,1,2,0,3,8,3,3,5,3,6,4,0,7,2,2,12,4,8,5,5,7,3,6,9,3,9,11,18,2,9,9,6,7,17,10,23,5,11,13,18,15,8,14,-,3,7
Least Sandpiper,0,0,0,0,0,0,0,0,0,0,0,0,0,0,0,0,0,0,0,0,0,0,1,3,0,0,2,0,3,1,0,0,0,0,0,0,1,0,0,0,0,1,1,1,0,2,0,0,0,0,0,0,-,2,0
unid. small ''peep'' sandpiper,0,0,0,0,0,0,0,0,0,0,0,0,0,0,0,0,0,0,0,0,0,0,0,0,0,0,0,0,0,0,0,0,0,0,0,0,0,0,0,0,0,0,0,1,0,0,0,0,0,0,0,0,-,0,0
Wilson's Snipe,44,30,42,25,37,104,103,144,152,72,83,74,110,127,108,140,162,129,136,98,99,76,111,136,122,128,172,245,228,265,221,277,219,313,283,276,244,272,224,240,188,213,226,181,220,153,231,245,225,236,186,146,-,149,210
Spotted Sandpiper,43,11,19,19,14,45,61,61,49,43,41,48,69,46,75,40,55,47,63,60,60,55,71,75,60,84,103,84,99,95,89,81,84,101,109,94,117,117,117,83,96,68,97,82,59,44,61,78,77,58,38,38,-,24,40
Solitary Sandpiper,1,2,1,1,0,0,0,2,4,2,1,1,0,0,0,2,0,0,0,0,2,0,1,3,4,2,2,0,1,1,2,2,1,1,4,2,4,5,3,1,1,7,9,6,6,5,12,10,5,5,6,5,-,3,8
Wandering Tattler,0,0,0,0,0,0,0,0,0,0,0,0,0,0,0,0,0,0,0,0,0,0,0,0,0,0,0,0,0,0,0,0,0,0,0,0,0,0,0,0,0,0,2,0,0,0,0,0,0,0,0,0,-,0,0
Lesser Yellowlegs,0,0,0,0,0,0,0,0,0,0,0,0,0,1,2,0,0,0,0,0,0,0,0,0,0,0,3,0,1,0,1,0,5,1,5,1,5,6,6,5,18,12,19,11,6,13,12,13,4,10,7,4,-,9,5
Greater Yellowlegs,2,1,2,0,0,5,2,7,4,7,3,1,2,0,12,2,5,2,4,2,2,3,9,5,7,2,1,6,11,19,21,9,6,6,5,17,17,16,8,11,11,7,24,7,4,1,9,9,17,17,4,8,-,8,8
unid. Greater Yellowlegs / Lesser Yellowlegs,0,0,0,0,0,0,0,0,0,0,0,0,0,0,0,0,0,0,0,0,0,0,0,0,0,0,0,0,0,0,0,0,0,0,0,0,0,0,0,0,0,3,0,0,0,0,0,0,0,0,0,0,-,0,0
Wilson's Phalarope,0,0,0,0,0,1,0,1,0,1,0,8,0,0,0,0,0,1,1,9,6,9,13,2,5,6,1,2,0,2,8,7,3,2,0,1,0,0,0,0,1,2,0,0,0,8,2,0,1,0,2,5,-,2,0
Red-necked Phalarope,0,0,0,0,0,0,0,0,1,0,0,0,0,0,0,0,0,0,0,0,0,0,0,0,0,0,0,0,0,0,0,0,0,1,0,0,0,0,0,0,0,0,0,5,0,0,0,0,0,0,0,1,-,3,9
Common Murre,0,0,0,0,0,0,0,0,0,0,0,0,0,0,0,0,0,0,0,0,0,8,0,0,0,0,0,0,0,0,0,0,0,0,0,0,0,0,0,0,0,0,0,0,0,0,0,0,0,0,0,0,-,0,0
Pigeon Guillemot,0,0,0,0,0,2,4,7,2,1,0,2,1,1,0,0,4,2,1,1,3,2,0,6,0,7,4,1,1,2,0,0,3,0,19,3,24,43,10,1,1,0,2,2,0,5,0,0,10,13,3,43,-,0,16
Marbled Murrelet,0,0,0,0,0,15,47,57,2,0,0,5,3,2,2,0,20,3,8,17,4,6,1,52,0,14,32,12,12,4,2,5,0,4,7,25,5,10,14,72,2,7,0,0,0,7,2,1,5,1,14,5,-,10,3
Rhinoceros Auklet,0,0,0,0,0,55,2,16,4,11,11,3,6,20,39,0,0,0,0,0,29,60,0,0,0,1,2,0,0,12,0,0,0,0,3,1,34,7,0,69,0,16,0,34,0,0,0,0,2,14,86,17,-,0,96
Bonaparte's Gull,1,0,0,0,0,0,12,2,0,2,4,1,3,3,9,0,2,7,1,12,8,10,11,3,6,0,4,0,0,5,4,5,12,6,5,7,12,12,6,13,10,5,6,17,15,8,2,6,6,1,0,2,-,3,1
Franklin's Gull,0,0,0,0,0,0,0,0,0,0,0,0,0,0,0,0,0,0,0,0,0,0,0,0,0,0,0,0,1,10,6,0,0,0,0,1,0,0,0,0,287,0,0,0,220,0,0,1,0,0,0,0,-,0,0
Short-billed Gull,0,0,0,0,0,8,3,9,5,0,1,0,16,1,19,4,0,0,12,0,1,1,0,0,1,31,16,1,63,0,11,0,8,2,3,0,7,6,4,3,1,0,30,44,20,17,19,5,30,18,24,31,-,39,35
Ring-billed Gull,0,0,0,0,4,0,3,2,1,1,0,0,27,1,9,121,8,68,111,16,35,8,0,1,9,33,6,10,1,6,17,31,11,3,12,105,46,12,14,32,16,18,10,20,52,62,18,87,46,34,1,29,-,3,3
California Gull,1,0,0,0,0,2,5,7,0,0,0,0,0,0,0,0,0,0,70,2,6,1,0,0,3,10,1,0,2,1,0,0,1,1,0,0,0,0,0,0,0,0,0,0,1,0,0,0,0,2,4,0,-,0,0
Herring Gull,0,2,1,1,2,0,4,4,1,11,10,16,26,13,17,28,61,29,22,18,30,28,28,32,164,18,47,8,28,19,8,41,51,43,28,21,10,32,13,12,4,20,11,4,5,7,4,3,5,6,6,6,-,6,2
Glaucous-winged Gull,5,0,2,4,9,223,489,627,279,382,233,535,491,442,317,5,343,259,328,524,645,298,707,518,428,327,662,139,96,7,102,104,105,79,92,42,40,66,33,139,106,88,72,12,25,91,113,68,38,68,182,63,-,29,171
hybrid Western Gull x Glaucous-winged Gull,0,0,0,0,0,0,0,0,0,0,0,0,0,0,0,0,0,0,0,0,0,0,0,0,0,0,0,0,0,0,0,0,0,0,0,0,0,0,0,0,0,0,1,0,0,0,0,0,0,0,0,0,-,0,0
unid. gull,0,0,0,0,0,0,2,0,0,0,0,0,0,0,1,0,0,0,1,8,0,0,0,0,0,378,2,0,0,15,2,0,6,3,0,0,3,0,1,7,23,17,22,8,60,1,1,19,18,56,36,1,-,0,3
Caspian Tern,0,0,0,0,0,0,0,0,0,0,0,0,0,0,0,0,3,4,0,2,0,0,0,1,0,0,1,0,1,0,0,0,0,0,16,0,0,0,2,2,0,1,0,0,2,0,0,0,0,0,0,0,-,0,2
Black Tern,0,0,26,3,0,7,17,8,7,7,16,8,10,37,11,9,16,18,19,14,6,52,25,16,29,39,17,15,26,59,5,21,33,30,58,35,26,44,30,26,7,10,12,15,7,0,0,3,0,0,0,0,-,0,0
Arctic Tern,0,0,0,0,0,0,0,6,1,0,0,0,0,0,0,0,0,0,0,0,0,1,0,0,0,0,1,0,2,0,0,0,0,1,0,0,0,0,1,0,0,0,2,4,11,6,1,2,0,12,4,2,-,2,1
Red-throated Loon,0,0,0,0,3,0,0,0,0,0,0,0,0,0,0,0,0,0,0,0,0,1,0,1,0,2,2,3,4,1,0,0,0,0,6,0,0,3,0,3,1,3,0,0,2,3,0,4,6,1,1,2,-,2,3
Pacific Loon,0,0,0,0,0,0,0,0,0,0,0,0,0,0,0,0,0,0,0,0,0,0,0,0,0,0,0,0,0,0,0,0,0,0,0,0,0,2,0,0,0,2,0,0,0,0,0,1,1,3,1,0,-,0,0
Common Loon,14,11,9,9,3,22,38,28,42,24,39,33,34,44,34,19,49,49,54,32,29,39,27,53,69,68,61,70,66,59,92,69,89,77,83,79,101,87,89,85,73,62,66,68,87,57,65,71,68,60,54,41,-,29,32
unid. loon,0,0,0,0,0,0,0,0,0,0,0,0,0,0,0,0,0,0,0,0,0,0,0,0,0,0,0,0,0,0,0,0,0,0,0,0,0,0,0,0,0,0,0,0,0,0,0,0,0,2,1,0,-,0,0
Brandt's Cormorant,0,0,0,0,0,0,0,0,0,0,0,0,0,0,0,0,0,0,0,0,0,1,0,0,8,0,1,0,0,0,0,0,0,0,0,0,0,0,0,0,0,0,0,0,0,0,0,0,0,0,0,0,-,0,0
Pelagic Cormorant,0,0,0,0,0,12,17,8,5,7,5,13,15,18,18,0,5,6,8,3,17,4,8,12,12,22,19,1,3,1,0,0,1,0,0,1,0,2,1,1,7,4,3,2,1,5,4,3,0,0,4,1,-,0,0
unid. west coast cormorant,0,0,0,0,0,0,0,0,0,0,0,0,0,0,0,0,0,0,0,0,0,0,0,0,0,0,0,0,0,0,0,0,3,0,0,0,0,0,0,0,0,0,0,0,0,0,0,0,0,0,0,0,-,0,0
Double-crested Cormorant,0,0,0,0,0,3,2,0,0,0,0,0,1,4,2,0,0,6,1,2,13,32,5,3,5,10,4,2,3,0,1,2,1,0,3,1,1,4,0,2,3,3,3,1,1,3,4,6,3,2,5,6,-,9,1
American White Pelican,0,0,0,0,0,0,0,0,0,0,0,0,0,0,0,0,0,0,0,0,0,0,0,0,0,0,0,0,0,0,0,0,0,0,0,0,0,1,0,0,0,0,0,0,0,3,0,0,0,0,0,2,-,0,17
American Bittern,2,0,1,4,1,1,8,9,3,2,3,7,8,5,4,4,2,1,1,1,1,0,3,6,1,1,4,4,8,2,3,1,0,3,4,1,3,0,1,2,0,0,3,0,2,0,3,3,1,2,1,0,-,2,0
Great Blue Heron,25,6,8,3,9,48,40,34,40,45,36,33,14,37,28,38,32,42,27,24,34,29,25,27,29,33,45,32,55,23,34,19,35,26,26,32,22,31,26,103,65,54,72,17,20,48,49,49,24,23,66,41,-,18,12
Green Heron,0,0,0,0,2,0,0,1,2,0,0,0,0,1,1,0,2,0,1,0,0,2,0,0,0,0,1,0,1,0,0,0,1,2,0,0,0,0,0,0,0,0,0,0,0,0,0,0,0,0,0,0,-,0,0
Turkey Vulture,0,0,0,0,1,5,0,2,11,0,2,0,0,1,5,0,2,2,1,2,2,1,4,2,0,2,6,3,5,7,11,8,9,13,16,23,15,22,13,16,17,26,22,19,10,38,38,55,34,37,41,39,-,30,46
Osprey,1,3,3,2,2,12,15,16,15,11,7,8,13,14,7,11,6,6,12,13,7,9,8,15,17,29,27,38,20,25,21,32,37,40,55,60,28,52,49,44,42,35,39,38,37,29,46,40,37,25,36,23,-,11,15
Golden Eagle,0,0,2,0,0,1,1,0,1,1,0,1,0,1,0,2,1,2,1,1,0,0,0,0,1,1,0,1,2,2,1,0,0,2,3,0,0,0,0,0,0,0,4,3,2,1,5,0,1,2,1,0,-,0,2
Northern Harrier,0,0,0,0,0,2,0,1,3,3,5,0,0,2,5,1,3,4,2,0,5,2,1,3,1,6,4,3,1,4,2,9,2,2,4,1,5,1,1,6,2,1,2,3,2,1,4,1,3,4,6,5,-,0,0
Sharp-shinned Hawk,1,0,0,0,2,4,5,1,2,0,0,0,0,1,2,1,3,2,0,2,4,1,3,1,1,1,3,2,2,3,1,6,3,5,2,3,3,2,3,6,1,5,3,2,4,1,3,5,4,5,3,0,-,1,2
Cooper's Hawk,0,0,0,1,0,2,0,3,3,4,1,2,0,3,2,1,5,0,2,0,1,0,3,3,1,3,1,2,2,5,1,1,2,2,6,0,3,3,1,3,0,1,1,2,0,0,1,1,2,0,3,3,-,3,4
Northern Goshawk,0,0,0,0,0,1,1,0,1,0,0,0,0,0,1,0,0,1,1,0,0,1,0,2,0,0,0,0,3,5,1,2,1,0,0,3,6,0,1,2,1,3,0,0,4,2,4,1,1,0,1,0,-,0,0
unid. Accipiter hawk,0,0,0,0,0,0,0,0,0,0,0,0,0,0,0,0,0,0,0,0,0,0,0,1,0,0,0,0,0,0,0,0,0,1,0,0,1,0,0,0,0,0,0,0,0,0,0,0,0,0,0,0,-,1,0
Bald Eagle,1,7,7,1,2,10,10,13,32,9,24,29,27,12,15,18,47,15,34,28,32,37,19,46,55,86,76,53,43,38,57,51,61,25,89,84,76,76,72,83,79,74,79,57,65,96,80,78,135,119,145,64,-,52,60
Broad-winged Hawk,0,0,0,0,0,0,0,0,0,0,0,0,0,0,0,0,0,0,0,0,0,0,0,0,0,0,0,0,0,0,0,0,0,0,0,0,0,0,1,0,0,0,0,0,0,0,0,0,1,1,0,3,-,0,0
Swainson's Hawk,0,0,2,0,1,2,0,0,0,0,0,0,3,3,2,0,0,1,1,3,5,0,1,2,3,7,0,3,2,1,1,2,2,0,5,2,1,0,0,4,0,1,2,3,1,0,3,0,1,1,3,4,-,1,3
Red-tailed Hawk,2,4,3,1,4,16,13,16,14,13,25,7,11,19,17,21,21,22,19,11,29,22,32,37,34,38,46,47,19,40,37,50,51,44,48,33,42,49,54,38,47,33,42,57,50,19,57,50,38,48,32,46,-,20,39
(Harlan's Hawk) Red-tailed Hawk,0,0,0,0,0,0,0,0,0,0,0,0,0,0,0,0,0,0,0,0,0,0,0,0,0,0,0,0,0,0,0,0,0,0,0,0,1,0,0,0,0,0,2,0,1,0,0,1,3,0,1,0,-,0,0
Rough-legged Hawk,0,0,0,0,0,0,0,0,0,0,0,0,0,0,0,0,0,0,0,0,0,0,0,0,0,0,0,0,0,1,0,0,0,0,0,0,0,0,0,0,0,0,0,0,0,0,0,0,0,0,0,0,-,0,0
unid. Buteo hawk,0,0,0,0,0,0,1,0,0,0,0,0,0,0,0,0,0,0,0,0,0,0,0,0,0,0,0,0,0,0,0,0,0,0,0,0,0,0,0,0,0,0,0,0,0,2,0,0,0,0,1,0,-,0,0
Barn Owl,0,0,0,0,0,0,0,0,0,0,0,1,0,0,0,0,0,0,0,0,0,0,0,0,1,0,0,0,0,0,0,0,0,0,0,0,0,0,0,0,0,0,0,0,0,0,0,0,0,0,0,0,-,0,0
Western Screech-Owl,0,0,0,0,0,3,0,0,0,0,0,1,0,0,0,0,0,0,0,0,1,0,1,0,1,0,0,0,0,0,1,0,0,0,0,0,0,0,0,0,0,0,0,0,0,0,0,0,0,0,0,0,-,0,0
Great Horned Owl,0,0,0,0,0,0,5,1,1,0,0,3,1,3,6,2,1,9,1,0,0,3,1,1,1,1,0,5,0,2,2,1,5,5,3,4,2,1,6,2,2,3,2,1,2,3,3,3,3,3,3,13,-,1,0
Northern Hawk Owl,0,0,0,0,0,0,0,0,0,0,0,0,0,0,0,0,0,0,0,0,1,0,0,0,0,1,0,0,0,0,0,0,0,0,0,0,0,0,0,0,0,0,0,0,2,0,3,0,0,0,0,0,-,0,0
Northern Pygmy-Owl,0,0,0,0,0,1,0,3,1,0,1,1,1,0,2,1,0,0,2,0,1,2,0,3,1,1,2,2,1,4,2,2,1,0,1,1,2,2,3,5,7,3,4,0,3,2,0,3,1,0,1,1,-,1,0
Barred Owl,0,1,0,0,0,0,0,0,0,0,1,0,0,0,1,0,0,0,0,0,1,2,1,2,1,2,2,0,0,0,1,0,0,2,0,4,0,0,2,2,2,2,4,0,1,1,2,2,2,10,2,3,-,6,0
Great Gray Owl,0,1,0,0,0,0,0,0,0,0,0,0,0,1,1,0,0,0,0,0,0,2,0,0,1,0,0,0,0,0,1,0,0,0,0,1,0,1,0,0,0,0,0,0,0,0,1,1,2,1,2,1,-,0,0
Long-eared Owl,0,0,0,0,0,0,0,0,0,0,0,0,0,0,0,0,0,0,0,0,0,0,0,0,0,0,0,0,0,0,0,0,0,0,0,0,0,0,0,0,0,0,0,0,0,0,0,0,0,0,0,0,-,0,1
Short-eared Owl,0,0,0,0,0,0,2,1,0,2,0,1,0,0,0,0,0,0,0,0,0,1,0,0,0,0,3,4,1,0,3,0,2,0,0,0,0,0,0,0,0,0,0,0,0,2,4,0,0,0,0,0,-,0,0
Northern Saw-whet Owl,0,0,0,0,0,1,0,0,0,0,0,0,0,0,0,0,0,0,0,0,0,0,0,0,0,0,0,1,0,0,0,0,0,0,1,1,0,1,0,0,0,0,0,0,2,1,0,0,1,0,0,0,-,2,0
Belted Kingfisher,8,12,8,5,3,27,54,28,23,21,23,25,22,19,24,16,23,28,21,28,22,26,24,32,32,21,35,36,25,28,37,38,32,29,42,46,40,20,32,20,25,14,34,13,22,28,14,40,39,23,20,24,-,21,9
Lewis's Woodpecker,3,0,1,0,0,6,6,1,8,4,2,5,0,3,0,5,1,1,0,0,0,2,5,0,3,2,5,6,3,5,2,6,9,2,1,3,2,1,4,0,7,0,2,1,0,1,2,6,3,0,1,3,-,3,3
Williamson's Sapsucker,0,0,0,0,0,0,0,0,0,0,0,0,0,0,0,0,0,0,0,2,1,2,3,1,1,0,0,0,0,0,0,0,0,0,0,0,0,0,0,0,0,1,0,0,0,0,1,0,0,0,0,0,-,0,0
Yellow-bellied Sapsucker,0,0,0,0,0,0,19,6,73,5,4,11,7,19,18,2,6,2,1,2,0,0,1,0,0,0,12,12,12,9,21,30,16,23,9,11,16,31,16,18,37,33,33,19,16,17,28,40,78,35,33,28,-,16,33
Red-naped Sapsucker,23,9,18,17,11,55,88,69,86,67,82,61,83,60,51,30,40,65,84,91,70,100,130,114,98,186,202,234,146,129,137,119,107,93,121,122,154,142,148,122,115,120,136,104,93,60,67,148,147,60,54,43,-,31,75
Red-breasted Sapsucker,17,18,27,3,4,9,15,33,20,20,52,28,18,9,5,12,6,15,2,32,19,44,105,112,69,95,230,127,121,72,53,34,84,70,166,132,205,105,198,160,96,62,136,103,123,162,179,135,235,141,102,139,-,127,109
unid. sapsucker,0,0,0,0,0,0,0,0,0,0,0,0,0,0,0,0,0,0,0,0,4,0,0,0,0,0,0,0,0,2,5,2,7,9,3,6,9,14,6,13,17,6,21,6,3,1,1,4,8,7,5,11,-,14,4
American Three-toed Woodpecker,2,2,2,0,0,0,3,3,1,1,1,1,5,3,0,1,1,0,1,0,3,0,1,1,3,2,2,1,4,1,2,1,6,4,7,10,23,10,6,24,17,11,18,18,7,10,16,18,19,13,6,9,-,5,7
Black-backed Woodpecker,0,4,4,0,0,0,0,0,0,2,0,1,1,0,0,0,0,1,0,0,0,0,2,1,1,1,0,0,0,0,0,2,1,0,1,0,2,2,4,4,0,4,6,6,0,9,1,7,6,5,1,1,-,0,1
Downy Woodpecker,6,4,9,3,2,24,32,19,22,11,16,29,15,25,21,11,7,11,18,21,24,30,25,17,37,33,32,37,29,23,42,27,37,27,25,30,34,29,29,22,24,19,15,10,10,9,21,28,21,21,17,26,-,18,24
Hairy Woodpecker,11,6,9,4,5,23,42,40,25,42,21,37,25,29,25,22,28,29,30,28,27,38,40,60,48,53,101,65,51,43,62,54,64,62,75,67,72,83,74,100,92,61,111,65,46,64,60,79,88,70,69,69,-,50,46
(unid. Red/Yellow Shafted) Northern Flicker,0,0,0,0,0,0,0,8,0,7,0,1,0,0,0,0,2,0,0,0,16,0,0,0,0,0,0,0,1,19,15,3,16,22,20,32,37,36,31,40,26,18,26,16,15,8,46,74,45,39,67,50,-,12,50
(Yellow-shafted Flicker) Northern Flicker,2,5,1,0,0,0,13,30,36,19,19,21,6,16,4,12,4,8,3,8,0,4,1,0,1,4,5,12,13,14,6,20,8,9,20,15,12,13,11,6,22,11,28,30,15,15,8,22,18,10,9,6,-,3,6
(Red-shafted Flicker) Northern Flicker,79,40,49,57,38,172,182,205,270,224,209,201,240,247,129,143,176,137,165,165,138,233,311,262,254,258,393,434,386,313,337,297,295,339,336,336,341,354,355,296,321,259,310,260,296,259,239,261,270,218,173,179,-,122,165
hybrid Northern Flicker (Red x Yellow-shafted),0,0,0,0,0,0,0,0,0,0,0,0,0,0,0,0,0,0,0,0,0,0,0,0,0,0,0,0,0,0,0,0,0,0,0,0,3,1,0,0,1,0,0,0,0,0,0,1,0,0,2,10,-,2,0
Pileated Woodpecker,5,12,7,9,4,26,23,16,20,17,30,27,29,30,25,26,36,28,30,26,30,38,33,43,32,56,63,58,62,35,53,56,68,52,57,94,70,70,72,69,50,63,66,26,34,28,50,80,67,58,30,53,-,40,53
unid. woodpecker,0,0,0,0,0,0,0,0,0,0,0,0,0,0,0,0,0,0,0,0,0,0,0,0,0,0,0,0,0,0,0,0,0,0,2,3,12,70,57,62,47,26,23,8,11,2,14,10,23,5,20,24,-,6,17
American Kestrel,11,8,7,6,3,44,47,36,43,42,34,37,61,61,57,33,51,41,34,24,27,37,38,42,64,35,53,59,49,48,39,68,47,23,45,47,51,39,25,29,43,28,34,37,29,9,22,37,29,30,28,21,-,12,24
Merlin,1,0,0,1,0,2,0,4,1,0,1,2,2,2,0,1,0,1,0,0,1,0,5,1,1,3,7,9,4,10,2,2,11,4,10,2,9,7,7,11,13,5,9,9,12,8,7,10,12,12,4,5,-,3,7
Gyrfalcon,0,0,0,0,0,0,0,0,0,0,0,0,0,0,0,0,0,0,0,0,0,0,0,0,0,0,0,0,1,0,0,0,0,0,0,0,0,0,0,0,0,0,0,0,0,0,0,0,0,0,0,0,-,0,0
Peregrine Falcon,0,0,0,0,0,0,0,0,0,0,0,0,0,0,0,0,0,0,0,0,0,2,0,1,0,0,0,0,2,0,0,1,0,0,0,0,0,0,4,3,0,0,2,1,4,3,1,0,0,1,2,2,-,0,0
Prairie Falcon,0,0,0,0,0,0,0,0,0,0,0,0,0,0,0,0,0,0,0,0,0,0,0,0,0,0,0,0,0,1,0,0,0,0,0,0,0,0,0,0,0,0,0,0,0,0,0,0,0,0,0,0,-,0,0
Western Kingbird,2,2,6,8,14,64,78,38,49,35,23,43,57,48,46,30,48,40,47,55,36,43,55,28,45,74,64,89,37,59,39,75,34,46,48,55,43,41,57,41,47,29,64,58,34,24,38,29,48,20,22,30,-,16,22
Eastern Kingbird,13,11,1,8,12,60,66,55,35,50,36,40,45,47,34,24,32,33,41,26,29,26,29,37,48,50,33,39,42,37,33,54,44,59,53,54,50,69,58,58,53,36,59,59,37,37,51,66,59,45,49,25,-,16,21
Olive-sided Flycatcher,66,51,63,13,25,90,116,130,87,85,64,59,50,57,75,43,50,58,62,38,73,54,68,127,88,80,73,99,126,132,114,103,111,123,126,120,137,143,110,129,141,111,134,93,98,101,147,144,118,154,78,118,-,65,77
Western Wood-Pewee,78,122,100,66,51,176,267,225,285,187,200,164,186,190,187,123,204,169,212,175,169,217,249,250,190,235,207,270,295,293,345,302,323,375,412,325,430,428,453,427,422,420,460,403,366,277,447,525,431,401,333,356,-,195,238
Yellow-bellied Flycatcher,0,0,0,0,0,0,0,0,0,0,0,0,0,0,0,0,0,0,0,0,0,0,0,0,2,0,1,1,4,1,0,0,0,1,1,1,13,22,7,17,14,13,22,2,3,2,13,15,8,6,11,11,-,5,11
Alder Flycatcher,0,0,0,0,0,26,160,140,209,42,24,41,68,38,74,22,61,47,61,22,22,42,121,119,145,137,167,157,157,260,251,203,235,300,271,204,228,211,167,224,202,219,191,138,172,187,343,356,267,261,261,220,-,143,151
Willow Flycatcher,8,37,40,5,29,220,332,226,201,142,147,137,150,158,174,126,185,233,197,203,188,154,151,220,220,265,252,313,252,296,289,304,286,286,297,371,386,339,366,285,283,286,247,220,277,268,284,306,333,323,235,246,-,238,263
unid. Alder Flycatcher / Willow Flycatcher,40,58,41,38,22,1,0,0,3,0,0,0,0,0,0,0,0,0,0,0,0,0,0,0,0,0,0,0,0,0,0,0,0,0,0,0,0,0,0,0,0,0,0,0,0,0,0,0,8,0,0,0,-,0,0
Least Flycatcher,20,19,8,6,4,55,133,141,184,37,42,45,41,56,74,13,45,54,53,29,27,53,94,43,45,64,102,149,158,188,173,163,180,199,187,100,154,121,132,134,144,146,151,157,145,145,223,272,247,190,203,174,-,77,137
Hammond's Flycatcher,89,175,161,137,72,138,184,230,159,217,150,156,153,139,254,151,190,165,178,109,163,198,304,334,238,406,498,581,539,480,435,597,553,597,561,641,576,478,562,372,465,439,445,336,312,382,532,729,451,475,359,421,-,367,592
Gray Flycatcher,0,0,0,0,0,0,0,0,0,0,0,0,0,0,0,0,0,0,6,2,2,2,4,10,5,7,8,8,12,3,4,10,11,7,9,4,8,6,7,7,6,7,4,7,7,6,4,9,5,2,8,6,-,9,8
Dusky Flycatcher,39,19,34,27,14,55,156,156,166,157,255,218,280,218,157,148,273,222,230,187,103,161,231,317,255,289,394,437,383,341,272,341,285,299,397,337,396,409,382,356,399,427,441,392,282,195,350,413,440,398,245,318,-,201,193
unid. Hammond's Flycatcher / Dusky Flycatcher,0,0,0,0,0,0,0,0,0,0,0,0,0,0,0,0,0,0,0,0,0,0,0,7,2,0,0,1,2,2,18,8,6,7,26,0,12,12,9,5,24,1,11,24,1,3,10,18,5,9,14,18,-,6,27
Pacific-slope Flycatcher,25,10,36,12,15,93,112,93,51,81,80,70,55,76,115,111,126,125,80,67,109,99,185,225,151,251,329,294,277,234,154,173,168,134,218,244,348,324,267,304,186,187,328,219,209,399,343,371,499,394,397,464,-,243,374
Cordilleran Flycatcher,0,0,0,0,0,0,0,0,0,0,0,0,0,0,0,0,0,0,0,0,0,0,0,0,0,0,0,0,2,0,2,0,0,4,2,3,5,3,4,0,3,1,7,2,0,0,0,0,1,0,0,0,-,0,0
unid. Cordilleran / Pacific-slope Flycatcher,0,0,0,0,0,0,0,0,0,0,0,0,0,0,0,0,0,0,0,0,0,0,0,0,0,0,0,0,1,1,9,7,20,16,11,17,28,14,26,26,30,41,28,26,21,46,47,54,52,39,34,26,-,0,48
unid. Empidonax flycatcher,0,21,0,0,0,0,5,0,1,1,0,0,0,0,0,0,0,1,3,0,1,1,0,0,1,0,0,1,4,0,0,2,0,0,0,1,0,0,0,2,44,0,0,0,0,0,0,0,0,3,2,0,-,0,3
Eastern Phoebe,0,0,15,0,0,0,2,1,6,0,2,0,2,1,2,1,1,1,3,1,0,1,3,1,1,0,2,20,2,8,8,4,10,0,3,3,3,3,4,4,5,8,5,2,0,5,7,6,5,7,2,9,-,1,7
Say's Phoebe,5,4,0,0,0,6,2,3,1,3,5,4,3,4,6,2,1,2,4,3,6,4,5,4,2,9,5,6,12,5,4,7,10,10,7,14,15,9,11,13,12,14,17,13,9,5,13,11,23,12,7,18,-,10,12
Hutton's Vireo,2,0,0,0,0,9,2,1,0,2,1,0,2,2,1,1,1,5,5,7,11,6,3,11,9,10,11,11,5,9,7,7,4,4,6,10,9,0,10,7,5,1,5,1,4,11,5,18,9,16,9,12,-,4,5
Cassin's Vireo,30,19,33,57,29,77,159,141,119,124,117,84,115,101,87,78,80,106,93,82,71,134,159,213,184,226,251,283,269,283,196,241,277,291,296,242,273,292,246,200,233,249,238,219,150,155,203,270,156,172,162,199,-,140,166
Blue-headed Vireo,0,0,0,0,0,0,1,6,1,0,0,1,0,1,2,0,0,0,0,0,0,0,0,0,0,0,3,4,1,2,6,3,7,7,6,3,4,2,3,6,0,1,2,2,3,4,3,7,9,5,9,8,-,5,10
unid. Cassin's Vireo / Blue-headed Vireo,0,0,0,0,0,0,0,0,0,0,0,0,0,0,0,0,0,0,0,0,0,0,0,0,0,0,4,0,0,0,0,0,0,0,0,0,0,0,0,0,0,0,0,0,0,0,0,0,0,0,0,0,-,0,0
Philadelphia Vireo,0,0,0,0,0,0,1,1,11,0,0,0,0,0,0,0,0,0,0,0,0,0,0,0,0,0,3,1,2,7,5,0,1,1,5,4,3,0,2,6,1,0,7,0,2,1,3,4,6,4,6,4,-,1,5
Warbling Vireo,156,259,306,137,78,158,323,371,309,243,249,225,271,268,365,204,361,383,376,273,387,429,667,882,560,836,1006,1118,1022,1122,1311,1519,1584,1400,1590,1475,1651,1535,1522,1386,1550,1477,1615,1346,1381,1348,1789,1829,1534,1739,1202,1472,-,1054,1182
Red-eyed Vireo,96,167,161,113,135,309,424,331,487,361,460,363,372,310,355,255,238,226,261,252,194,255,294,285,184,322,347,298,238,272,308,335,309,318,328,289,251,271,266,245,214,235,246,196,200,245,282,384,306,291,371,237,-,194,326
Loggerhead Shrike,0,0,0,0,0,0,1,0,0,0,0,0,0,0,0,0,0,0,0,0,0,0,0,0,0,0,0,0,0,0,0,0,0,0,0,0,0,0,0,0,0,0,0,0,0,0,0,0,0,0,0,0,-,0,0
Northern Shrike,0,0,0,0,0,0,0,0,0,0,0,0,0,0,0,0,0,0,0,0,0,0,0,0,0,0,0,0,0,0,0,0,0,0,0,0,0,0,0,0,0,0,0,0,1,0,0,0,0,0,0,0,-,0,0
Canada Jay,12,32,34,3,5,20,47,38,48,16,14,18,25,10,13,22,9,12,22,23,16,18,17,39,60,20,83,36,51,94,80,58,43,137,75,91,107,90,92,76,60,100,125,61,51,28,96,66,65,64,56,81,-,37,50
Steller's Jay,6,4,17,17,10,68,82,26,46,54,40,44,54,80,72,91,87,62,55,56,56,88,52,100,57,73,113,111,76,64,113,91,113,95,102,84,117,73,104,115,104,79,90,84,57,93,97,105,99,95,60,95,-,36,68
Blue Jay,0,0,0,0,0,0,0,0,0,0,0,0,0,0,0,0,0,0,0,1,0,0,0,0,0,0,3,1,0,0,0,0,0,0,2,1,3,0,0,1,1,1,1,0,0,1,3,2,6,2,4,1,-,0,2
Clark's Nutcracker,0,0,1,3,0,9,10,14,2,5,3,11,21,10,4,6,19,31,9,16,24,11,33,9,20,29,42,67,34,23,27,38,58,47,42,26,49,43,24,56,32,37,33,31,31,6,16,18,15,18,15,20,-,34,7
Black-billed Magpie,1,0,0,0,16,91,79,108,138,96,86,130,119,150,116,101,120,111,115,97,78,105,112,76,92,142,152,167,122,96,137,139,149,145,156,162,199,188,210,155,195,198,207,184,162,121,235,204,236,212,164,165,-,94,162
American Crow,173,205,257,261,166,771,857,758,828,732,1033,726,849,757,957,837,756,589,549,548,618,564,627,783,691,832,878,930,844,783,1012,1081,992,1007,978,969,1064,1022,980,979,1014,919,860,884,774,611,815,823,719,788,547,511,-,276,501
Common Raven,55,66,92,62,33,137,227,221,259,257,271,322,322,340,350,268,351,349,264,233,254,289,391,432,265,387,548,480,516,669,381,499,524,601,616,499,568,520,504,613,586,547,589,501,474,364,526,677,600,648,570,628,-,383,539
Black-capped Chickadee,61,50,127,98,64,479,367,368,326,285,300,336,330,253,207,246,231,244,202,238,295,307,379,299,319,288,368,421,312,353,466,417,425,400,413,490,480,358,476,418,369,320,406,252,248,280,314,360,388,263,340,298,-,184,298
Mountain Chickadee,22,1,33,34,13,131,145,72,127,83,127,75,228,79,132,180,112,163,92,154,102,123,181,136,179,178,152,202,178,200,125,146,177,261,273,292,197,296,151,262,146,168,202,179,159,107,154,249,306,143,183,203,-,108,147
Chestnut-backed Chickadee,21,4,42,4,26,274,292,179,194,237,229,258,189,168,155,160,118,124,158,123,241,154,204,235,200,267,277,272,176,114,220,121,183,155,250,217,298,223,218,146,149,195,240,135,153,202,171,309,315,246,271,343,-,143,247
Boreal Chickadee,0,1,1,2,3,0,2,3,6,2,0,2,2,0,0,5,0,2,1,7,0,5,3,1,2,3,0,4,0,5,7,4,0,9,13,5,6,13,6,12,13,24,21,16,9,11,8,19,8,9,4,21,-,5,9
unid. Black-capped Chickadee / Mountain Chickadee,0,0,0,0,0,0,0,0,0,0,0,0,0,0,0,0,0,0,0,0,0,0,0,0,0,0,2,0,0,0,3,2,0,0,0,0,0,0,0,0,0,7,0,0,0,2,0,0,0,0,0,0,-,0,0
unid. western chickadee species,0,0,0,0,0,0,0,0,0,0,0,0,0,0,0,0,0,0,10,0,0,0,0,0,0,0,0,0,0,0,0,3,0,0,0,6,0,0,0,0,0,0,0,0,0,0,0,0,0,0,0,0,-,0,0
Eurasian Skylark,0,0,0,0,0,4,17,5,5,11,5,9,5,4,5,0,0,0,0,0,0,0,0,0,0,0,0,1,0,0,0,0,0,0,2,0,0,0,0,0,0,0,0,0,0,0,0,0,0,0,0,0,-,0,0
Horned Lark,13,0,10,0,0,7,0,7,10,0,0,0,15,0,0,3,25,20,0,0,20,2,1,3,15,17,2,6,4,0,0,5,0,0,3,4,7,0,1,0,3,0,2,0,5,0,2,0,1,0,2,4,-,0,1
Bank Swallow,131,13,39,146,3,455,166,138,117,74,193,183,134,107,146,157,252,254,167,160,192,117,134,140,175,242,150,147,105,160,184,100,176,233,118,155,52,167,97,29,102,57,141,87,94,68,48,97,34,91,57,55,-,3,89
Tree Swallow,84,90,137,75,139,290,454,398,406,251,442,224,363,249,392,281,415,266,314,241,278,338,405,554,453,435,462,626,534,567,636,510,457,498,488,423,478,540,548,434,557,493,436,464,443,298,336,378,370,378,322,261,-,138,175
Violet-green Swallow,150,87,93,118,101,348,354,283,257,382,328,329,239,257,220,133,206,243,260,250,319,386,394,492,333,584,517,547,497,534,645,765,529,456,500,513,581,475,642,559,440,501,580,409,296,296,324,341,330,304,321,310,-,192,311
Northern Rough-winged Swallow,31,31,23,28,23,134,243,139,133,146,185,155,253,225,142,117,165,145,119,140,193,108,163,125,145,214,120,253,129,101,131,223,166,198,158,128,116,198,115,117,156,93,168,106,88,61,126,182,134,104,86,60,-,38,216
Purple Martin,0,0,0,0,0,0,0,0,0,0,2,0,0,0,0,0,0,0,0,0,0,0,0,0,0,0,0,0,0,0,0,0,0,0,0,0,0,8,8,7,4,7,0,0,0,1,4,10,8,7,8,16,-,2,15
Barn Swallow,138,141,330,102,149,684,779,896,874,604,650,621,591,798,826,403,534,641,566,439,497,401,536,475,447,642,556,560,384,362,315,416,322,194,284,196,384,234,298,198,233,183,172,176,217,141,127,102,143,112,290,150,-,88,156
Cliff Swallow,182,98,203,19,76,453,433,306,304,485,366,230,575,246,386,193,505,564,353,385,530,277,314,388,470,516,440,580,371,412,327,723,453,466,558,313,316,307,306,397,455,188,381,376,159,64,153,336,265,78,271,170,-,148,117
Bushtit,0,0,11,0,0,2,28,21,53,42,54,91,20,40,50,23,7,16,2,14,42,47,36,14,15,12,43,27,26,3,37,3,21,12,36,11,1,6,4,8,13,6,9,9,28,20,23,9,15,5,10,10,-,8,10
Ruby-crowned Kinglet,134,174,138,60,39,110,246,368,210,144,171,117,126,147,181,141,153,162,173,126,129,131,156,240,212,230,311,297,550,495,327,454,450,733,825,826,821,857,694,528,483,655,621,424,406,386,745,921,479,628,517,625,-,282,387
Golden-crowned Kinglet,52,41,80,18,33,192,265,148,123,128,179,121,142,184,97,271,156,86,166,106,140,175,285,177,250,234,447,354,276,258,373,366,337,383,358,270,432,269,393,284,241,210,298,139,170,226,227,388,325,221,273,272,-,133,209
Bohemian Waxwing,3,0,0,0,1,3,0,0,26,3,0,8,5,0,0,1,6,4,8,1,7,13,4,1,0,0,0,0,0,0,6,7,2,6,5,3,7,9,6,4,10,4,7,0,0,3,9,8,4,9,9,5,-,7,1
Cedar Waxwing,84,53,104,16,63,205,220,163,242,114,96,144,121,254,174,143,165,185,218,182,307,307,343,339,341,356,421,395,519,352,417,338,365,416,537,295,497,376,528,334,437,357,499,351,372,273,306,493,380,402,341,363,-,277,519
Red-breasted Nuthatch,55,101,74,67,20,61,60,77,135,109,98,146,219,164,107,101,177,78,115,151,184,200,354,278,305,351,474,458,408,358,287,348,378,587,636,600,542,356,301,436,460,380,568,339,278,195,233,313,386,355,321,412,-,249,424
White-breasted Nuthatch,0,0,0,0,0,2,3,9,11,9,3,4,7,6,0,11,8,4,4,2,6,15,11,2,10,4,9,12,12,1,5,4,5,5,7,5,12,9,8,16,12,4,13,6,6,8,6,9,11,3,3,3,-,0,8
Pygmy Nuthatch,0,0,0,0,0,1,7,12,9,8,5,1,4,3,1,19,15,1,2,15,0,11,9,11,20,7,5,8,26,23,12,18,18,35,29,44,45,12,25,41,28,12,3,6,20,12,10,19,8,18,4,12,-,0,2
Brown Creeper,1,2,5,0,0,10,26,9,16,11,4,14,26,26,8,12,18,8,11,14,24,27,37,30,40,31,34,45,20,26,28,14,20,32,37,26,48,25,34,21,21,32,41,27,19,22,29,25,26,43,46,51,-,30,67
Rock Wren,0,0,0,0,0,3,1,1,0,0,3,0,0,1,0,1,3,1,2,5,3,2,3,0,6,8,11,3,5,5,2,1,3,3,6,3,8,3,7,5,4,6,2,2,3,3,1,9,1,2,0,0,-,1,0
Canyon Wren,0,0,0,0,0,0,0,0,0,0,0,0,0,0,0,0,0,0,0,0,1,2,3,0,0,0,2,0,0,1,1,0,1,0,3,1,2,0,8,2,0,2,7,5,1,3,2,2,1,3,2,0,-,0,0
Bewick's Wren,0,0,12,0,0,60,123,77,57,57,66,71,59,67,65,23,30,30,34,17,43,39,27,29,40,25,30,21,38,23,32,37,35,25,29,20,21,26,11,10,22,15,20,20,26,19,17,27,31,8,52,64,-,15,49
House Wren,9,0,3,1,10,29,39,16,24,10,23,23,24,24,26,14,43,51,38,38,23,21,44,33,39,50,74,86,56,66,65,46,50,37,50,41,50,55,51,70,89,97,93,82,110,70,141,126,173,93,115,117,-,62,71
Pacific Wren,35,21,42,32,27,159,262,136,154,180,204,129,134,219,284,351,286,231,178,164,214,312,390,277,250,274,513,497,395,384,495,461,445,458,521,528,533,418,493,523,272,198,368,254,201,428,353,433,624,357,327,390,-,358,326
Winter Wren,0,0,0,0,0,0,0,0,0,0,0,0,0,0,0,0,0,0,0,0,0,0,0,0,0,0,0,0,0,0,0,0,0,0,0,0,0,0,0,0,0,0,0,0,0,0,1,4,0,0,0,0,-,0,0
unid. Pacific Wren / Winter Wren,0,0,0,0,0,0,1,1,0,0,0,0,0,0,0,0,0,0,0,0,0,0,0,0,0,0,0,0,2,1,0,0,0,0,0,0,0,0,0,0,0,0,0,0,2,0,0,0,0,0,0,0,-,0,0
Marsh Wren,5,0,0,0,0,4,4,6,11,10,12,6,8,6,15,16,15,9,10,15,10,15,18,26,16,20,30,27,14,21,32,26,32,30,28,31,26,26,22,28,23,25,22,33,30,19,41,25,25,23,15,21,-,7,3
Gray Catbird,7,12,4,8,5,37,43,35,30,17,14,17,20,11,11,11,8,19,6,21,14,16,13,9,13,13,18,25,29,35,39,27,46,66,58,58,77,94,93,93,104,85,102,77,70,40,80,101,131,78,71,67,-,38,37
Brown Thrasher,0,0,0,0,0,0,0,0,0,0,0,0,0,0,0,0,0,0,0,0,0,0,0,0,0,0,1,0,0,0,0,0,0,0,0,0,0,0,0,0,0,0,0,0,0,0,0,0,0,0,0,0,-,0,0
Sage Thrasher,0,0,0,0,0,0,0,0,0,0,0,0,0,0,0,0,0,0,0,0,0,0,0,0,0,0,0,0,0,0,0,0,1,0,0,0,0,1,0,0,0,0,0,0,0,0,1,0,1,1,0,0,-,0,0
European Starling,270,340,585,254,682,2681,2865,3190,2106,2050,1504,1923,1566,2378,1846,4714,2081,2070,1959,1420,2413,1976,1959,2256,1846,1521,1607,2109,1460,1539,2257,2194,1505,1453,1229,1490,1326,1062,1188,1047,1426,1165,847,734,910,501,633,539,527,682,713,790,-,405,781
American Dipper,0,0,0,0,1,2,0,1,2,5,0,2,2,4,1,1,2,2,1,1,2,3,1,1,1,2,2,2,2,1,1,1,2,1,6,4,1,4,0,1,1,1,1,2,0,0,1,2,2,1,1,0,-,1,1
Western Bluebird,0,0,0,0,0,0,1,1,1,1,2,0,0,3,0,0,2,1,3,2,2,2,1,3,4,4,3,14,16,6,13,18,10,7,11,14,19,14,12,12,21,16,22,23,21,13,25,8,7,11,5,5,-,5,2
Mountain Bluebird,17,2,17,19,12,37,64,49,37,45,35,41,40,24,8,22,30,32,20,35,22,39,33,38,65,41,42,50,45,39,60,35,50,54,61,37,57,93,69,51,56,67,80,63,61,23,55,48,49,51,30,27,-,8,31
Townsend's Solitaire,4,0,0,4,2,15,40,41,36,30,19,28,59,36,8,31,41,42,38,50,52,44,42,29,51,63,63,81,56,66,39,58,60,49,62,52,45,51,37,39,39,31,54,37,39,9,30,47,41,44,13,26,-,19,16
Veery,33,11,37,66,34,163,163,227,154,174,159,165,173,178,127,107,146,158,147,143,147,123,110,145,155,182,218,218,157,175,184,138,117,187,220,149,172,165,149,110,128,108,170,151,106,90,106,167,228,153,123,109,-,56,72
Gray-cheeked Thrush,0,0,0,0,0,0,0,7,0,0,0,0,0,0,0,0,0,0,0,0,0,0,0,0,0,2,3,0,6,1,0,1,1,0,1,0,0,0,0,0,0,0,6,7,3,5,4,0,17,6,16,12,-,19,14
Swainson's Thrush,646,850,818,489,321,1120,1703,1523,1339,1017,1012,1032,969,945,1007,838,949,1023,1003,913,923,1220,1328,1701,1662,2224,2431,2416,2085,2250,2592,2462,2392,2614,2716,2628,2950,2598,2786,2648,2469,2264,2524,1884,1866,2187,2230,3172,2839,2637,2205,2775,-,1652,2073
Hermit Thrush,29,30,20,13,28,14,48,135,151,65,73,83,71,96,80,79,68,59,71,98,81,158,174,218,126,183,314,250,260,237,288,256,248,256,346,402,497,409,509,343,281,329,365,362,368,273,355,359,527,396,261,293,-,193,279
American Robin,818,530,863,601,496,2529,3030,2669,2762,1957,2069,2159,1997,2410,1985,1807,2065,1955,1923,1867,2386,2307,2537,2823,2704,3169,3400,3837,3429,3453,4002,3552,3788,4072,3669,3550,4135,3960,3772,3865,3572,3385,3814,3223,3197,2710,3353,4025,4181,3581,2959,3175,-,2263,2680
Varied Thrush,172,130,222,49,49,144,216,246,210,137,151,111,183,353,234,361,343,249,273,225,244,329,330,333,261,476,521,503,600,503,473,583,416,615,543,622,768,683,578,609,425,352,637,467,387,551,434,487,692,496,628,603,-,487,475
House Sparrow,35,45,80,35,47,307,487,373,486,189,163,187,192,214,159,101,211,159,168,161,260,137,209,264,158,214,249,313,223,168,328,408,303,277,244,236,285,167,237,298,304,259,217,168,167,116,180,109,107,124,179,247,-,101,135
American Pipit,0,0,0,0,0,0,0,7,9,0,0,0,0,0,0,0,0,0,0,0,0,0,0,0,0,0,0,0,0,0,0,0,0,0,0,0,0,0,0,0,0,0,0,2,0,0,0,0,0,0,1,0,-,0,0
Evening Grosbeak,27,20,63,58,3,30,195,284,129,108,19,44,84,108,37,46,90,62,93,84,154,272,215,209,279,292,168,251,211,54,96,89,90,83,65,57,135,79,152,171,255,207,357,203,166,44,85,48,38,84,43,36,-,24,77
Pine Grosbeak,2,13,3,16,3,0,13,13,1,0,5,4,7,4,1,0,2,3,4,1,4,3,5,9,4,0,17,4,10,7,5,16,7,12,12,14,22,16,11,8,5,6,7,9,3,2,2,1,3,6,2,14,-,2,2
House Finch,11,1,34,4,8,136,186,109,126,127,106,142,159,85,157,51,121,147,108,135,282,208,260,285,306,286,267,365,272,233,265,401,319,284,326,286,243,163,226,184,209,206,181,110,136,66,101,61,71,82,156,163,-,83,196
Purple Finch,7,13,16,6,4,89,83,56,56,49,51,41,36,38,34,24,26,21,21,18,41,32,34,42,59,57,55,41,47,50,27,39,30,92,41,60,44,39,42,66,87,85,65,50,107,91,70,60,85,84,104,95,-,72,92
Cassin's Finch,14,4,0,11,23,21,38,51,50,17,22,33,48,36,17,50,56,57,64,52,30,53,53,42,44,100,55,122,68,69,54,54,41,38,28,21,32,31,34,41,47,51,52,58,60,26,20,36,35,13,21,48,-,7,11
unid. Purple Finch / Cassin's Finch / House Finch,0,0,0,0,0,0,0,0,0,0,0,0,0,0,0,0,0,0,0,0,0,0,0,0,0,0,0,0,0,0,0,0,0,0,0,0,0,0,1,0,0,0,0,0,0,0,0,0,0,0,0,0,-,0,0
Common Redpoll,0,0,0,0,0,0,0,0,24,0,0,0,0,0,0,0,0,0,0,2,0,0,0,11,0,1,0,0,12,0,0,0,5,0,0,0,0,0,0,3,0,0,9,24,2,0,2,0,0,16,0,17,-,3,5
Red Crossbill,42,6,52,36,4,205,250,175,83,164,79,261,340,229,172,349,736,221,314,272,330,324,346,330,267,376,487,321,451,262,215,172,377,302,606,255,457,163,225,348,527,164,366,217,733,272,341,324,269,228,64,230,-,126,140
White-winged Crossbill,3,0,0,0,0,0,0,12,31,0,1,15,13,1,14,0,1,23,2,2,5,5,1,1,1,31,25,4,8,145,37,186,11,31,47,30,29,46,56,80,137,26,133,16,9,6,40,32,100,24,27,112,-,60,78
unid. Red Crossbill / White-winged Crossbill,0,0,0,0,0,0,0,0,0,0,0,0,0,0,0,0,0,0,0,0,0,0,0,0,0,0,0,0,0,0,0,0,0,0,52,0,1,0,6,2,6,4,0,4,0,0,2,0,0,0,0,0,-,0,0
Pine Siskin,448,418,302,318,183,729,1065,1530,1699,640,264,865,727,1278,329,726,1579,618,1173,1106,983,691,1129,811,1044,855,1725,813,1224,1199,823,1054,1119,1704,910,925,704,314,326,918,1077,749,1008,520,1540,520,533,590,517,744,347,2418,-,615,904
American Goldfinch,42,17,62,47,81,258,294,223,267,226,175,155,112,177,99,70,109,105,112,92,156,127,146,168,176,180,147,147,80,62,80,73,76,71,64,74,69,66,110,134,231,106,128,78,104,77,124,100,103,107,75,155,-,78,123
Grasshopper Sparrow,0,0,0,0,0,0,0,0,0,3,0,1,1,0,0,0,0,0,0,0,0,0,0,0,0,0,1,0,0,0,0,0,0,0,1,0,0,0,0,0,0,0,1,0,0,0,1,4,2,2,0,1,-,0,0
Lark Sparrow,2,0,0,0,0,2,2,0,2,2,3,8,1,4,0,4,3,0,4,4,5,9,8,3,3,4,0,3,4,1,2,3,5,5,4,0,4,9,4,6,9,11,4,10,1,3,4,2,4,5,2,2,-,3,1
Chipping Sparrow,312,168,206,165,146,534,723,796,726,497,600,593,664,503,442,334,419,437,373,343,376,507,606,706,566,834,874,832,785,888,893,852,914,957,1000,938,887,1065,1005,913,1055,843,1089,960,793,662,1143,1319,1108,856,846,844,-,371,646
Clay-colored Sparrow,3,1,2,0,0,3,51,35,82,10,13,7,15,61,96,3,49,38,48,60,4,39,51,18,31,22,89,145,97,84,82,110,83,96,79,79,102,101,98,97,93,76,103,109,103,112,248,288,261,168,216,247,-,79,151
Brewer's Sparrow,0,1,0,0,0,1,0,0,0,1,0,0,0,0,0,0,0,0,0,0,0,0,0,0,1,1,1,20,23,22,26,31,3,12,17,15,30,19,38,6,11,7,8,4,9,10,11,7,12,7,1,1,-,2,0
Fox Sparrow,3,7,1,1,2,41,67,6,19,16,0,1,49,42,34,37,9,14,14,16,13,148,114,95,27,98,175,73,186,138,91,104,98,89,176,153,198,165,195,103,83,63,148,111,102,130,102,58,155,136,124,152,-,92,115
American Tree Sparrow,0,0,0,0,0,0,0,61,25,3,0,0,0,0,0,0,0,0,0,1,2,0,0,0,0,31,26,0,32,2,6,0,2,7,1,2,0,0,8,5,0,1,11,6,18,16,18,2,5,13,18,22,-,29,34
(Slate-colored Junco) Dark-eyed Junco,0,1,0,3,15,0,68,60,103,0,0,15,14,9,4,0,2,1,4,65,31,59,17,69,0,4,64,20,39,110,211,93,92,105,152,202,104,159,203,122,116,100,133,133,161,146,86,169,47,180,86,115,-,138,48
(Oregon Junco) Dark-eyed Junco,152,158,141,137,122,281,536,562,725,495,516,498,521,671,513,669,721,537,572,407,490,642,730,790,729,889,1484,1298,1105,1004,984,1107,1222,1051,1026,1032,1112,1093,1280,1099,906,723,1088,701,644,475,707,822,799,888,549,802,-,512,486
(unid. race) Dark-eyed Junco,0,0,0,0,0,0,0,17,0,0,0,0,0,0,0,0,0,0,0,0,104,0,0,0,0,63,0,0,1,4,165,16,41,141,78,91,152,182,192,177,148,194,186,128,164,183,267,315,338,259,206,276,-,200,197
White-crowned Sparrow,14,7,35,17,28,148,191,140,109,80,71,79,48,57,79,64,66,102,95,89,123,87,107,151,135,257,208,153,224,197,212,165,185,172,198,196,203,193,192,229,241,191,273,257,273,281,258,282,355,353,314,427,-,337,328
Golden-crowned Sparrow,0,0,0,1,2,0,2,8,32,2,0,0,0,0,0,3,0,0,0,0,0,1,0,0,0,32,32,0,59,5,0,7,1,0,3,1,0,2,0,1,0,1,18,18,36,42,27,2,35,37,45,48,-,22,23
White-throated Sparrow,7,13,23,0,11,11,119,66,104,3,7,39,46,43,38,2,15,18,17,23,4,16,49,53,57,74,117,127,124,124,181,186,188,156,190,104,182,197,199,170,217,220,190,223,270,209,449,566,583,424,380,501,-,259,418
Vesper Sparrow,48,0,1,25,30,86,184,156,171,115,114,114,220,143,72,96,194,185,118,186,146,194,230,211,283,243,183,358,282,292,300,203,177,191,186,208,257,258,234,225,308,272,258,259,241,138,264,325,254,232,197,250,-,97,113
LeConte's Sparrow,0,0,0,0,0,0,0,0,0,0,0,0,0,5,1,0,2,0,0,0,0,0,4,0,2,0,2,2,2,4,1,3,4,0,2,0,1,6,0,0,2,1,0,0,0,3,0,3,5,3,1,16,-,0,3
Savannah Sparrow,22,47,78,56,74,281,258,247,307,182,211,141,169,242,267,135,185,213,192,198,213,198,251,232,240,333,386,402,309,265,282,282,260,216,213,252,282,253,312,245,235,237,298,275,253,215,310,470,390,340,363,460,-,230,359
Song Sparrow,104,62,155,52,47,555,638,491,469,424,396,424,318,358,357,338,414,404,347,340,391,392,515,610,460,501,641,663,636,571,605,644,661,653,881,774,906,716,790,679,706,520,635,536,510,550,580,664,747,661,623,541,-,456,562
Lincoln's Sparrow,29,30,38,13,3,5,118,137,168,36,22,77,71,128,80,18,67,54,64,52,31,58,154,205,144,208,299,338,242,204,333,334,264,258,260,228,245,311,274,312,303,259,297,311,283,219,487,530,642,613,424,514,-,244,441
Swamp Sparrow,0,0,0,0,0,2,1,2,5,0,0,0,0,0,0,0,0,1,1,0,0,0,0,3,3,2,4,6,1,0,3,5,4,1,0,1,0,4,2,0,1,1,2,1,2,1,1,0,4,1,3,6,-,0,4
Spotted Towhee,39,20,59,20,15,236,305,217,237,192,129,207,117,190,172,110,210,212,266,225,336,253,296,364,284,436,343,431,455,345,350,346,407,394,451,351,372,486,497,490,547,518,649,539,553,538,473,575,559,616,447,599,-,509,568
unid. Spotted Towhee / Eastern Towhee,0,0,0,0,2,0,0,0,0,0,0,0,0,0,0,0,0,0,0,0,0,0,0,0,0,0,22,0,0,0,0,0,0,0,0,0,0,0,0,0,0,0,0,0,0,0,0,0,0,0,0,0,-,0,0
Yellow-breasted Chat,0,0,0,0,0,0,2,0,0,0,0,0,0,0,0,0,0,0,0,2,1,0,0,0,0,0,0,0,1,2,4,4,0,1,2,1,1,2,2,4,6,5,3,1,1,5,5,4,5,1,2,1,-,6,2
Yellow-headed Blackbird,1,2,4,1,1,43,32,29,26,56,62,61,92,87,141,129,113,97,52,44,48,98,90,59,61,215,65,64,80,74,78,50,41,35,35,57,22,44,68,28,57,43,128,87,27,15,31,20,37,64,36,57,-,0,74
Bobolink,1,0,6,5,1,19,17,14,12,16,16,14,25,27,25,21,35,28,26,35,33,13,20,7,7,14,15,17,14,18,15,17,8,8,22,28,9,17,13,4,5,4,12,2,4,0,0,1,2,0,0,0,-,0,0
Western Meadowlark,24,8,26,24,76,354,290,338,349,267,283,312,450,350,178,329,381,289,232,286,240,291,259,293,380,307,228,455,322,337,335,306,222,286,321,272,248,304,358,346,418,305,357,307,293,177,314,356,330,250,252,181,-,116,146
Bullock's Oriole,2,0,0,1,13,15,21,17,28,22,24,40,32,32,25,27,35,28,37,36,47,46,50,59,61,69,60,77,77,54,46,88,72,69,68,57,55,44,56,58,93,51,84,70,56,37,79,56,58,31,35,35,-,19,23
Baltimore Oriole,0,0,0,0,0,1,20,4,9,0,0,0,0,9,16,0,0,14,20,11,0,8,4,0,0,3,18,5,5,6,4,2,7,12,8,7,7,2,4,2,1,2,1,1,2,4,3,2,6,4,2,2,-,0,1
unid. Bullock's Oriole / Baltimore Oriole,0,0,0,0,0,0,0,0,0,0,0,0,0,0,0,0,10,0,0,0,0,0,0,0,0,0,0,0,0,2,0,0,0,0,0,0,0,0,0,0,0,0,0,0,0,0,0,0,0,0,0,0,-,0,0
Red-winged Blackbird,77,105,146,104,146,353,453,543,356,319,301,302,426,347,441,274,307,334,308,305,326,435,443,735,776,671,468,530,429,486,529,608,570,541,661,528,516,494,523,476,587,455,631,444,436,271,422,452,464,402,406,372,-,222,403
Brown-headed Cowbird,89,112,134,95,169,363,521,456,414,324,277,349,284,327,291,233,374,374,344,275,323,305,309,370,323,370,478,426,359,301,336,325,304,302,280,224,230,281,289,286,294,250,274,216,214,127,212,201,231,210,150,218,-,125,148
Rusty Blackbird,3,8,10,0,0,35,0,6,8,3,3,4,6,0,0,0,0,0,0,4,7,2,4,0,3,6,0,0,2,7,0,1,1,1,0,1,2,3,1,2,2,4,14,8,7,0,12,7,5,2,2,5,-,4,3
Brewer's Blackbird,131,66,202,131,386,875,895,646,867,398,528,486,443,734,448,464,517,418,426,570,483,324,489,516,322,623,538,768,642,596,600,757,498,768,734,579,741,727,656,557,629,613,655,508,309,209,473,380,591,335,241,368,-,124,249
Common Grackle,0,0,0,0,0,0,0,0,0,0,0,0,0,0,0,0,0,8,0,0,0,0,0,0,0,0,4,1,2,3,3,1,2,0,4,2,1,0,0,1,2,0,0,2,1,0,2,3,3,1,7,6,-,2,0
Ovenbird,0,0,0,0,0,0,19,6,16,0,1,8,12,3,4,0,8,5,0,1,0,0,0,0,2,0,0,0,17,8,8,14,30,29,39,18,22,12,12,20,11,15,9,12,7,14,72,69,107,53,58,58,-,7,67
Northern Waterthrush,83,99,105,57,28,50,84,128,116,63,74,93,116,96,106,83,91,92,95,100,86,94,184,226,248,227,228,253,257,327,316,364,300,324,436,361,397,321,300,293,369,400,387,248,278,250,462,470,379,472,294,357,-,258,364
Black-and-white Warbler,0,0,0,0,0,0,1,2,1,0,0,0,1,0,0,0,0,0,0,0,0,0,1,0,0,0,2,5,3,1,0,6,5,8,5,2,2,1,3,7,2,2,2,2,4,3,19,15,26,13,8,17,-,6,21
Tennessee Warbler,71,52,20,13,4,4,29,29,91,8,18,20,27,3,4,3,6,9,4,0,0,1,10,3,5,5,3,9,9,15,22,16,21,48,105,15,35,113,127,75,69,81,61,44,100,96,280,140,226,126,118,137,-,75,114
Orange-crowned Warbler,87,98,106,19,37,225,383,312,272,171,262,270,225,197,227,164,244,288,238,261,189,360,389,540,484,689,673,630,507,486,454,545,577,587,767,668,810,758,638,589,612,600,703,494,517,454,640,841,637,670,567,614,-,341,529
Nashville Warbler,5,26,5,4,6,9,11,13,17,15,19,27,49,31,29,47,53,37,28,22,27,65,95,112,50,186,180,199,102,112,97,116,125,116,112,103,102,110,113,117,124,92,189,150,125,129,153,178,131,208,52,42,-,63,109
Connecticut Warbler,0,0,0,0,0,0,2,0,1,0,0,5,10,1,1,0,1,0,1,0,0,0,1,0,0,0,6,2,1,3,11,4,7,11,9,7,16,4,2,5,2,3,1,3,2,1,10,19,7,3,8,7,-,1,4
MacGillivray's Warbler,174,206,224,154,84,261,328,373,252,168,250,241,291,329,365,315,327,320,273,246,226,248,334,564,411,602,642,624,575,600,687,758,762,699,721,630,659,582,620,554,580,433,597,465,415,483,568,658,608,531,458,479,-,312,349
Mourning Warbler,0,0,0,0,0,0,3,0,0,0,0,0,0,2,2,0,0,0,0,0,0,0,0,0,0,0,3,5,2,4,5,3,6,6,11,4,6,3,0,4,0,3,3,2,3,5,3,7,5,4,5,3,-,4,10
Common Yellowthroat,47,39,32,21,9,69,114,119,133,80,107,85,102,92,149,90,88,94,98,112,125,80,129,187,175,223,208,279,267,285,315,343,216,302,279,243,283,288,277,229,243,202,235,201,228,193,231,312,354,318,259,266,-,121,207
American Redstart,117,132,111,70,38,37,80,210,110,82,90,36,78,62,45,50,51,26,49,21,65,55,234,258,182,304,360,198,309,410,368,495,493,507,496,506,570,468,511,430,620,589,489,411,434,426,693,678,458,612,380,443,-,312,386
Cape May Warbler,0,0,0,0,0,0,0,0,0,0,0,0,0,0,0,0,0,0,0,0,0,0,0,0,0,0,0,0,0,0,0,0,0,0,0,0,0,0,2,0,0,1,1,0,0,0,1,0,0,0,1,1,-,0,1
Magnolia Warbler,25,32,45,6,0,3,23,46,22,5,8,1,2,1,5,7,2,0,1,2,0,4,83,93,101,113,117,60,136,172,117,213,225,188,145,159,175,148,158,162,189,162,165,92,117,146,151,171,111,114,107,116,-,126,160
Bay-breasted Warbler,0,0,0,0,0,0,1,0,0,0,0,0,0,0,0,0,0,0,0,0,0,0,0,0,0,0,0,0,0,0,0,0,0,0,0,0,0,0,0,0,0,0,0,0,0,0,0,0,0,0,0,0,-,0,1
Yellow Warbler,189,174,122,93,112,280,511,439,494,300,304,250,277,314,398,204,336,314,325,309,254,311,306,324,221,378,473,569,464,511,462,546,578,612,713,620,648,535,577,537,527,480,640,508,546,518,658,777,680,571,556,509,-,299,528
Chestnut-sided Warbler,0,0,0,0,0,0,0,0,0,0,0,0,0,0,0,0,0,0,0,0,0,0,0,0,0,0,0,0,0,1,0,0,0,0,0,0,0,0,0,0,0,0,0,0,0,0,0,0,0,0,0,0,-,0,0
Blackpoll Warbler,53,51,26,0,5,0,2,24,4,6,1,0,0,0,0,0,0,0,0,4,8,8,0,10,6,4,5,3,5,14,15,18,21,25,13,13,11,18,22,20,4,18,28,4,13,8,44,31,21,26,14,34,-,17,15
Palm Warbler,0,0,0,0,0,0,0,0,3,0,0,0,1,0,0,0,0,0,0,0,0,0,0,0,0,0,0,0,0,0,0,0,0,0,0,0,0,0,0,0,0,0,0,0,0,0,0,0,0,0,1,0,-,0,0
(Myrtle Warbler) Yellow-rumped Warbler,0,28,16,0,0,0,22,23,41,2,0,7,4,2,3,0,1,8,1,3,16,22,0,1,1,16,62,8,28,78,100,10,120,31,46,68,63,98,142,103,138,169,159,109,179,142,151,198,92,126,152,133,-,83,63
(Audubon's Warbler) Yellow-rumped Warbler,70,84,139,112,84,233,348,350,292,262,349,295,384,329,334,359,419,382,397,284,318,441,619,734,594,818,870,918,787,731,766,849,955,1078,916,865,890,869,699,702,645,661,853,619,582,525,768,1056,919,1008,756,1009,-,528,838
(unid. Myrtle/Audubon's) Yellow-rumped Warbler,0,0,0,0,0,0,0,0,0,0,0,0,0,0,0,0,0,0,0,0,0,0,0,0,0,0,0,0,0,1,62,124,65,93,170,148,178,241,236,194,217,177,175,161,160,136,246,175,316,223,122,195,-,115,192
Black-throated Gray Warbler,0,12,12,12,13,38,67,23,8,15,18,12,0,13,12,8,44,47,77,32,43,29,28,88,91,67,82,78,48,42,47,32,57,27,32,63,51,55,40,55,51,29,62,56,59,67,59,117,108,85,56,67,-,94,65
Townsend's Warbler,22,26,24,6,14,92,152,136,106,120,158,146,121,151,180,213,216,248,163,117,151,232,237,314,167,306,398,390,402,371,235,418,447,502,552,605,519,428,479,413,282,380,527,504,420,519,505,436,439,412,377,438,-,337,463
Black-throated Green Warbler,0,0,0,0,0,0,0,0,0,0,0,0,0,0,0,0,0,0,0,0,0,0,0,0,0,0,0,0,0,1,0,2,0,1,2,0,0,0,0,1,0,2,0,0,0,0,0,2,1,0,2,1,-,0,3
Canada Warbler,0,0,0,0,0,0,1,0,5,0,0,0,0,0,1,0,0,0,0,0,0,0,0,0,0,0,0,0,0,0,0,0,0,0,0,0,0,0,0,0,0,0,0,0,0,0,1,1,2,2,4,1,-,0,0
Wilson's Warbler,107,158,87,108,22,68,179,215,175,74,44,45,50,62,108,89,105,78,88,68,117,130,119,117,78,145,147,136,277,198,126,295,265,236,260,198,239,186,155,214,166,240,330,261,261,248,274,261,304,287,249,341,-,198,299
Western Tanager,113,125,192,105,62,179,278,249,219,178,216,166,240,174,159,159,196,249,205,207,155,193,314,391,303,541,502,601,551,501,601,569,600,568,632,535,551,686,626,624,670,618,726,574,606,617,609,876,827,638,598,718,-,410,551
Rose-breasted Grosbeak,0,0,0,0,0,0,23,2,6,0,0,0,0,3,4,0,0,2,0,2,0,0,3,0,0,0,16,27,13,6,10,18,29,30,17,10,24,12,13,17,5,11,7,4,18,21,42,23,55,18,26,25,-,24,17
Black-headed Grosbeak,2,6,24,7,12,39,50,63,49,45,34,29,10,43,39,17,35,44,40,36,69,77,77,76,66,71,70,91,90,90,100,89,93,117,77,89,74,79,108,107,134,95,129,93,102,106,74,120,102,121,96,91,-,100,120
Lazuli Bunting,33,4,24,19,29,67,65,59,57,47,75,28,42,50,32,52,55,61,56,50,68,93,83,109,83,170,154,178,158,147,118,142,132,149,136,120,134,194,151,149,181,185,202,176,121,155,214,307,285,235,216,143,-,99,167
Total Species,151,128,150,131,137,187,202,203,209,187,179,189,194,201,192,175,193,195,198,194,195,203,198,202,203,209,220,214,233,227,222,220,221,217,229,229,227,225,227,231,231,232,235,227,228,230,240,234,240,239,246,239,0,215,229
Total individuals,7947,7149,9553,5947,5934,23560,30890,29290,28106,20692,20877,22001,22493,24320,21996,22119,24927,22196,22122,20450,23921,23866,28587,31649,28477,35135,39349,40335,36627,35824,38343,40138,38765,40790,42258,38973,42258,39452,39807,38669,39927,34904,41108,32625,33265,28656,36955,43146,41111,37832,32369,38041,0,22573,31473